gfid,state,district,village,lon,lat,wheat
72001,Madhya Pradesh ,Dewas ,VijayaganjMandi,75.96199,23.218479,0
72002,Madhya Pradesh ,Dewas ,VijayaganjMandi,75.967369,23.216789,0
72003,Madhya Pradesh ,Dewas ,VijayaganjMandi,75.969818,23.21591,1
72004,Madhya Pradesh ,Dewas ,VijayaganjMandi,75.965042,23.220369,0
72005,Madhya Pradesh ,Dewas ,VijayaganjMandi,75.965652,23.2246,0
72006,Madhya Pradesh ,Dewas ,VijayaganjMandi,75.963303,23.226139,1
72007,Madhya Pradesh ,Dewas ,VijayaganjMandi,75.961967,23.223129,0
72008,Madhya Pradesh ,Dewas ,GadhePipliya,75.983673,22.935181,1
72009,Madhya Pradesh ,Dewas ,VijayaganjMandi,75.951988,23.22382,1
72010,Madhya Pradesh ,Dewas ,VijayaganjMandi,75.956139,23.225809,1
72011,Madhya Pradesh ,Dewas ,GadhesyaPipliya,75.984589,22.934521,0
72012,Madhya Pradesh ,Dewas ,Dattotar,75.951897,23.234329,0
72013,Madhya Pradesh ,Dewas ,Dattotar,75.953537,23.236851,1
72014,Madhya Pradesh ,Dewas ,Dattotar,75.952553,23.238501,0
72015,Madhya Pradesh ,Dewas ,Dattotar,75.951469,23.245859,0
72016,Madhya Pradesh ,Dewas ,Dattotar,75.950882,23.24839,0
72017,Madhya Pradesh ,Dewas ,Dattotar,75.953262,23.253771,0
72018,Madhya Pradesh ,Dewas ,Hawankhedi,75.973717,22.938881,0
72019,Madhya Pradesh ,Dewas ,Dattotar,75.95182,23.254971,0
72020,Madhya Pradesh ,Dewas ,Dattotar,75.953331,23.256411,1
72021,Madhya Pradesh ,Dewas ,Rajoda,76.08712,22.95752,0
72022,Madhya Pradesh ,Dewas ,Dattotar,75.95298,23.2607,1
72023,Madhya Pradesh ,Dewas ,Hawankhedi,75.974113,22.938881,1
72024,Madhya Pradesh ,Dewas ,Dattotar,75.953583,23.265421,1
72025,Madhya Pradesh ,Dewas ,SunvaniGopal,75.950256,23.27174,0
72026,Madhya Pradesh ,Dewas ,Sonktch,76.364563,22.9806,1
72027,Madhya Pradesh ,Dewas ,SunwaniGopal,75.946701,23.26947,0
72028,Madhya Pradesh ,Dewas ,SunvaniGopal,75.950562,23.274561,0
72029,Madhya Pradesh ,Dewas ,SunwaniGopal,75.951462,23.27915,1
72030,Madhya Pradesh ,Dewas ,Pushpgiri,76.364464,22.98134,0
72031,Madhya Pradesh ,Dewas ,SunnwaniGopal,75.950012,23.279831,0
72032,Madhya Pradesh ,Dewas ,SunwaniGopal,75.952103,23.28227,1
72033,Madhya Pradesh ,Dewas ,Hawankhedi,75.969658,22.941401,0
72034,Madhya Pradesh ,Dewas ,SunwaniGopal,75.950539,23.286119,0
72035,Madhya Pradesh ,Dewas ,SunwaniGopal,75.948929,23.28389,1
72036,Madhya Pradesh ,Dewas ,Birgod,76.133904,23.08009,1
72037,Madhya Pradesh ,Dewas ,SunwaniGopal,75.950363,23.28426,0
72038,Madhya Pradesh ,Dewas ,SunwaniGopal,75.952599,23.279779,1
72039,Madhya Pradesh ,Dewas ,Khedi,76.365982,22.99519,1
72040,Madhya Pradesh ,Dewas ,Sunwani,75.954971,23.279961,1
72041,Madhya Pradesh ,Dewas ,SunwaniGopal,75.957207,23.280729,1
72042,Madhya Pradesh ,Dewas ,Khajuriya,76.367592,23.02873,0
72043,Madhya Pradesh ,Dewas ,GadhesyaPipliya,75.988953,22.936279,0
72044,Madhya Pradesh ,Dewas ,Gandravpuri,76.366562,23.028999,1
72045,Madhya Pradesh ,Dewas ,Javasiya,75.960869,23.28294,0
72046,Madhya Pradesh ,Dewas ,Jawasiya,75.959831,23.284519,1
72047,Madhya Pradesh ,Dewas ,Berakhidi,76.377434,23.069281,1
72048,Madhya Pradesh ,Dewas ,Jawasiya,75.961838,23.28554,1
72049,Madhya Pradesh ,Dewas ,Jamgod,76.378616,23.06949,0
72050,Madhya Pradesh ,Dewas ,Jawasiya,75.960876,23.289061,1
72051,Madhya Pradesh ,Dewas ,Jawasiya,75.964333,23.28919,1
72052,Madhya Pradesh ,Dewas ,Jawasiya,75.967628,23.288811,0
72053,Madhya Pradesh ,Dewas ,Jawasiya,75.968689,23.29071,0
72054,Madhya Pradesh ,Dewas ,Jawasiya,75.973289,23.2939,1
72055,Madhya Pradesh ,Dewas ,Jawasiya,75.973518,23.29595,0
72056,Madhya Pradesh ,Dewas ,Jawasiya,75.976662,23.299311,0
72057,Madhya Pradesh ,Dewas ,Jawasiya,75.978172,23.300579,1
72058,Madhya Pradesh ,Dewas ,Jawasiya,75.971909,23.29575,0
72059,Madhya Pradesh ,Dewas ,Dattotar,75.9543,23.25066,1
72060,Madhya Pradesh ,Dewas ,Kalma,76.132217,23.08173,1
72061,Madhya Pradesh ,Dewas ,Kalma,76.131348,23.083179,1
72062,Madhya Pradesh ,Dewas ,Kalma,76.127869,23.083191,1
72063,Madhya Pradesh ,Dewas ,Kalma,76.125862,23.081989,0
72064,Madhya Pradesh ,Dewas ,Kalma,76.123878,23.082911,0
72065,Madhya Pradesh ,Dewas ,Kalma,76.123611,23.084869,0
72066,Madhya Pradesh ,Dewas ,Kalma,76.122231,23.08189,0
72067,Madhya Pradesh ,Dewas ,Calma,76.120598,23.084379,1
72068,Madhya Pradesh ,Dewas ,Calma,76.144569,23.085329,0
72069,Madhya Pradesh ,Dewas ,Pirpaldiya,76.445518,23.16716,0
72070,Madhya Pradesh ,Dewas ,Calma,76.143356,23.086941,1
72071,Madhya Pradesh ,Dewas ,Calma,76.134979,23.08498,1
72072,Madhya Pradesh ,Dewas ,Dhandheda,76.47113,23.146509,1
72073,Madhya Pradesh ,Dewas ,Pipalrava,76.470383,23.14633,0
72074,Madhya Pradesh ,Dewas ,TonkKala,76.151291,23.11425,0
72075,Madhya Pradesh ,Dewas ,TonkKala,76.152687,23.115271,1
72076,Madhya Pradesh ,Dewas ,NipaniyaHurHur,76.485321,23.1455,0
72077,Madhya Pradesh ,Dewas ,Ghichlay,76.488068,23.14257,0
72078,Madhya Pradesh ,Dewas ,TonkKala,76.154762,23.11508,1
72079,Madhya Pradesh ,Dewas ,TonkKala,76.158539,23.11577,1
72080,Madhya Pradesh ,Dewas ,TonkKala,76.157928,23.11227,1
72081,Madhya Pradesh ,Dewas ,TonkKala,76.160263,23.11482,0
72082,Madhya Pradesh ,Dewas ,TonKala,76.161301,23.11635,0
72083,Madhya Pradesh ,Dewas ,TonkKala,76.162376,23.11623,1
72084,Madhya Pradesh ,Dewas ,Lakumdi,76.490334,23.14109,0
72085,Madhya Pradesh ,Dewas ,Harnavda,76.176521,23.1147,0
72086,Madhya Pradesh ,Dewas ,Harnavda,76.17865,23.11623,0
72087,Madhya Pradesh ,Dewas ,Surjana,76.436783,23.14691,1
72088,Madhya Pradesh ,Dewas ,Nevri,76.426811,23.14753,1
72089,Madhya Pradesh ,Dewas ,Harnawada,76.182472,23.115231,1
72090,Madhya Pradesh ,Dewas ,Harnawada,76.183769,23.117149,1
72091,Madhya Pradesh ,Dewas ,Aser,76.412697,23.143061,1
72092,Madhya Pradesh ,Dewas ,Harnawada,76.182602,23.119579,1
72093,Madhya Pradesh ,Dewas ,Donta,76.413948,23.14327,1
72094,Madhya Pradesh ,Dewas ,Harnawda,76.185463,23.119249,0
72095,Madhya Pradesh ,Dewas ,Patadiya,76.414589,23.14332,0
72096,Madhya Pradesh ,Dewas ,Harnawda,76.186836,23.11867,1
72097,Madhya Pradesh ,Dewas ,Harnawda,76.188553,23.11619,0
72098,Madhya Pradesh ,Dewas ,Murviya,76.454941,23.14307,1
72099,Madhya Pradesh ,Dewas ,Harnawda,76.190948,23.11858,1
72100,Madhya Pradesh ,Dewas ,Harnawda,76.185883,23.11194,0
72101,Madhya Pradesh ,Dewas ,Harnawda,76.188004,23.11195,0
72102,Madhya Pradesh ,Dewas ,Harnawda,76.190903,23.11054,0
72103,Madhya Pradesh ,Dewas ,Harnawda,76.192238,23.107639,1
72104,Madhya Pradesh ,Dewas ,TonkKala,76.142036,23.117611,0
72105,Madhya Pradesh ,Dewas ,TonkKala,76.144562,23.11862,0
72106,Madhya Pradesh ,Dewas ,TonkKala,76.146446,23.12052,1
72107,Madhya Pradesh ,Dewas ,Chhidawad,76.1483,23.13674,1
72108,Madhya Pradesh ,Dewas ,Chidawad,76.148521,23.138201,1
72109,Madhya Pradesh ,Dewas ,Chidawad,76.146057,23.14485,1
72110,Madhya Pradesh ,Dewas ,Chidawad,76.14463,23.14258,0
72111,Madhya Pradesh ,Dewas ,Chidawad,76.14373,23.143999,1
72112,Madhya Pradesh ,Dewas ,TonkKhurdChidabad,76.14241,23.140989,0
72113,Madhya Pradesh ,Dewas ,TonkKhurdChidabad,76.140678,23.141359,0
72114,Madhya Pradesh ,Dewas ,TonkKhurdChidabad,76.149437,23.14677,1
72115,Madhya Pradesh ,Dewas ,TonkKhurdChidabad,76.150978,23.1458,0
72116,Madhya Pradesh ,Dewas ,TonkKhurdChidabad,76.1502,23.14193,0
72117,Madhya Pradesh ,Dewas ,TonkKhurdChidawad,76.149437,23.13471,0
72118,Madhya Pradesh ,Dewas ,Tonkala,76.142792,23.104259,0
72119,Madhya Pradesh ,Dewas ,Binjana,75.992233,22.934669,1
72120,Madhya Pradesh ,Dewas ,BarodPipliya,75.968491,22.94512,1
72121,Madhya Pradesh ,Dewas ,BarodPipliya,75.967628,22.94474,0
72122,Madhya Pradesh ,Dewas ,BarodPipliya,75.965683,22.947121,1
72123,Madhya Pradesh ,Dewas ,BarodPipliya,75.966522,22.947741,0
72124,Madhya Pradesh ,Dewas ,BarodPipliya,75.965714,22.950001,0
72125,Madhya Pradesh ,Dewas ,BarodPipliya,75.961029,22.95079,1
72126,Madhya Pradesh ,Dewas ,BarodPipliya,75.957237,22.949551,0
72127,Madhya Pradesh ,Dewas ,BarodPipliya,75.957253,22.949249,0
72128,Madhya Pradesh ,Dewas ,BagliBhamori,76.279579,22.71768,0
72129,Madhya Pradesh ,Dewas ,BagliBhamori,76.280342,22.716021,0
72130,Madhya Pradesh ,Dewas ,BagliBhamori,76.2826,22.718121,0
72131,Madhya Pradesh ,Dewas ,Rupakhedi,75.958878,22.95785,0
72132,Madhya Pradesh ,Dewas ,Rupakhedi,75.959038,22.95853,0
72133,Madhya Pradesh ,Dewas ,BagliBhamori,76.28186,22.718821,0
72134,Madhya Pradesh ,Dewas ,BagliBhamori,76.285233,22.72019,0
72135,Madhya Pradesh ,Dewas ,BagliBhamori,76.284317,22.721809,1
72136,Madhya Pradesh ,Dewas ,Rupakhedi,75.961906,22.96534,0
72137,Madhya Pradesh ,Dewas ,BagliBhamori,76.283203,22.71726,0
72138,Madhya Pradesh ,Dewas ,BagliBhamori,76.28476,22.715811,1
72139,Madhya Pradesh ,Dewas ,BagliBhamori,76.287292,22.715031,1
72140,Madhya Pradesh ,Dewas ,BagliBhamori,76.290482,22.714991,1
72141,Madhya Pradesh ,Dewas ,BagliEklera,76.305542,22.721979,1
72142,Madhya Pradesh ,Dewas ,BagliEklera,76.302322,22.72213,1
72143,Madhya Pradesh ,Dewas ,BagliEklera,76.299873,22.720869,1
72144,Madhya Pradesh ,Dewas ,BagliEklera,76.299911,22.719959,0
72145,Madhya Pradesh ,Dewas ,BagliEklera,76.299469,22.71888,0
72146,Madhya Pradesh ,Dewas ,BagliEklera,76.3013,22.717939,0
72147,Madhya Pradesh ,Dewas ,Aat,75.935509,22.99061,0
72148,Madhya Pradesh ,Dewas ,BagliEklera,76.300598,22.716,0
72149,Madhya Pradesh ,Dewas ,BagliEklera,76.299438,22.71718,0
72150,Madhya Pradesh ,Dewas ,BagliEklera,76.299248,22.71553,0
72151,Madhya Pradesh ,Dewas ,Aat,75.943062,22.98374,0
72152,Madhya Pradesh ,Dewas ,BagliEklera,76.302193,22.71393,1
72153,Madhya Pradesh ,Dewas ,BagliChapda,76.30883,22.709049,1
72154,Madhya Pradesh ,Dewas ,BagliChapda,76.310699,22.706551,1
72155,Madhya Pradesh ,Dewas ,BagliChapda,76.316719,22.70561,1
72156,Madhya Pradesh ,Dewas ,BagliChapda,76.319206,22.705259,1
72157,Madhya Pradesh ,Dewas ,BagliChapda,76.326424,22.70656,1
72158,Madhya Pradesh ,Dewas ,BagliChapda,76.328888,22.70715,0
72159,Madhya Pradesh ,Dewas ,BagliChapda,76.331177,22.707621,0
72160,Madhya Pradesh ,Dewas ,BagliChapda,76.321091,22.702869,0
72161,Madhya Pradesh ,Dewas ,BagliChapda,76.320412,22.701019,1
72162,Madhya Pradesh ,Dewas ,BagliChapda,76.322662,22.69982,0
72163,Madhya Pradesh ,Dewas ,BagliChapda,76.323196,22.69759,0
72164,Madhya Pradesh ,Dewas ,BagliGunera,76.325218,22.694901,0
72165,Madhya Pradesh ,Dewas ,BagliGunera,76.327347,22.692539,1
72166,Madhya Pradesh ,Dewas ,BagliNevri,76.327316,22.68977,1
72167,Madhya Pradesh ,Dewas ,Gunri,76.327629,22.68844,0
72168,Madhya Pradesh ,Dewas ,BagliGunri,76.326012,22.6891,1
72169,Madhya Pradesh ,Dewas ,BagliGunri,76.326897,22.68755,1
72170,Madhya Pradesh ,Dewas ,BagliGunri,76.327469,22.685011,0
72171,Madhya Pradesh ,Dewas ,BagliNevri,76.329529,22.68589,0
72172,Madhya Pradesh ,Dewas ,BagliNevri,76.332619,22.6859,1
72173,Madhya Pradesh ,Dewas ,BagliNevri,76.330811,22.687281,0
72174,Madhya Pradesh ,Dewas ,BagliChapda,76.321571,22.69902,1
72175,Madhya Pradesh ,Dewas ,BagliEklera,76.302292,22.71114,1
72176,Madhya Pradesh ,Dewas ,BagliBamori,76.274872,22.715639,1
72177,Madhya Pradesh ,Dewas ,BagliBamori,76.273048,22.717079,1
72178,Madhya Pradesh ,Dewas ,Panda,75.96743,23.22806,1
72179,Madhya Pradesh ,Dewas ,Hatpipliya,76.318489,22.779619,1
72180,Madhya Pradesh ,Dewas ,Hatpipliya,76.31881,22.78088,0
72181,Madhya Pradesh ,Dewas ,Alri,76.135361,23.21645,1
72182,Madhya Pradesh ,Dewas ,Hatpipliya,76.317299,22.77846,0
72183,Madhya Pradesh ,Dewas ,Hatpipliya,76.319809,22.782829,1
72184,Madhya Pradesh ,Dewas ,Alri,76.136719,23.21607,1
72185,Madhya Pradesh ,Dewas ,KhuriyaBina,76.325623,22.79104,1
72186,Madhya Pradesh ,Dewas ,Alri,76.134438,23.21591,1
72187,Madhya Pradesh ,Dewas ,KhuriyaBina,76.327583,22.793171,0
72188,Madhya Pradesh ,Dewas ,KhuriyaBin,76.326721,22.79509,0
72189,Madhya Pradesh ,Dewas ,KhuriyaBina,76.328346,22.79361,0
72190,Madhya Pradesh ,Dewas ,KhuriyaBina,76.32943,22.79517,0
72191,Madhya Pradesh ,Dewas ,KhuriyaBina,76.329552,22.798321,1
72192,Madhya Pradesh ,Dewas ,KhuriyaBina,76.330856,22.79748,0
72193,Madhya Pradesh ,Dewas ,KhuriyaBina,76.332802,22.800119,0
72194,Madhya Pradesh ,Dewas ,Alri,76.134102,23.21665,0
72195,Madhya Pradesh ,Dewas ,KhuriyaBina,76.331558,22.785,1
72196,Madhya Pradesh ,Dewas ,Alri,76.135147,23.215429,0
72197,Madhya Pradesh ,Dewas ,KhuriyaBina,76.333427,22.78319,1
72198,Madhya Pradesh ,Dewas ,KhuriyaBina,76.337708,22.7805,1
72199,Madhya Pradesh ,Dewas ,Alri,76.137306,23.21394,1
72200,Madhya Pradesh ,Dewas ,HatpipliyaPilavli,76.344467,22.771851,1
72201,Madhya Pradesh ,Dewas ,HatpipliyaPilavli,76.344307,22.770941,0
72202,Madhya Pradesh ,Dewas ,Alri,76.141724,23.211491,1
72203,Madhya Pradesh ,Dewas ,Alri,76.141457,23.212749,0
72204,Madhya Pradesh ,Dewas ,HatpipliyaPilavli,76.344803,22.769979,1
72205,Madhya Pradesh ,Dewas ,HatpipliyaPilavli,76.346916,22.764709,1
72206,Madhya Pradesh ,Dewas ,HatpipliyaPilavli,76.348259,22.7651,0
72207,Madhya Pradesh ,Dewas ,HatpipliyaPilavli,76.351433,22.764429,0
72208,Madhya Pradesh ,Dewas ,HatpipliyaPilavli,76.351852,22.76351,0
72209,Madhya Pradesh ,Dewas ,Alri,76.148697,23.208851,0
72210,Madhya Pradesh ,Dewas ,HatpipliyaPilavli,76.357384,22.765329,0
72211,Madhya Pradesh ,Dewas ,Alri,76.149521,23.21723,0
72212,Madhya Pradesh ,Dewas ,HatpipliyaPilavli,76.352966,22.762091,1
72213,Madhya Pradesh ,Dewas ,HatpipliyaPilavli,76.352211,22.76203,0
72214,Madhya Pradesh ,Dewas ,HatpipliyaBilavli,76.37085,22.763519,1
72215,Madhya Pradesh ,Dewas ,HatpipliyaBilavli,76.37751,22.761431,1
72216,Madhya Pradesh ,Dewas ,HatpipliyaBilavli,76.377022,22.761009,1
72217,Madhya Pradesh ,Dewas ,HatpipliyaBilavli,76.376572,22.761459,0
72218,Madhya Pradesh ,Dewas ,Kareli,76.152832,23.211729,1
72219,Madhya Pradesh ,Dewas ,Khareli,76.15406,23.210649,0
72220,Madhya Pradesh ,Dewas ,HatpipliyaBilavli,76.380386,22.761,1
72221,Madhya Pradesh ,Dewas ,HatpipliyaBilavli,76.380013,22.759809,0
72222,Madhya Pradesh ,Dewas ,HatpipliyaBilavli,76.378899,22.758539,1
72223,Madhya Pradesh ,Dewas ,Kareli,76.175613,23.21096,1
72224,Madhya Pradesh ,Dewas ,Khareli,76.175919,23.20962,0
72225,Madhya Pradesh ,Dewas ,Khareli,76.179878,23.2097,0
72226,Madhya Pradesh ,Dewas ,Kareli,76.179314,23.21092,1
72227,Madhya Pradesh ,Dewas ,HatpipliyaBilavli,76.381462,22.76059,0
72228,Madhya Pradesh ,Dewas ,Kareli,76.18792,23.209169,1
72229,Madhya Pradesh ,Dewas ,HatpipliyaBilavli,76.381523,22.75935,0
72230,Madhya Pradesh ,Dewas ,HatpipliyaBilavli,76.38575,22.759171,1
72231,Madhya Pradesh ,Dewas ,Khareli,76.194641,23.20402,0
72232,Madhya Pradesh ,Dewas ,HatpipliyaSamli,76.39357,22.75359,0
72233,Madhya Pradesh ,Dewas ,Khareli,76.193962,23.201639,0
72234,Madhya Pradesh ,Dewas ,HatpipliyaSamgi,76.397186,22.75251,0
72235,Madhya Pradesh ,Dewas ,HatpipliyaSamgi,76.398972,22.75136,1
72236,Madhya Pradesh ,Dewas ,Khareli,76.19548,23.20079,0
72237,Madhya Pradesh ,Dewas ,HatpipliyaSamgiKelod,76.403191,22.747339,1
72238,Madhya Pradesh ,Dewas ,Kareli,76.19603,23.197439,1
72239,Madhya Pradesh ,Dewas ,Khareli,76.19619,23.195971,0
72240,Madhya Pradesh ,Dewas ,Khareli,76.195343,23.195959,1
72241,Madhya Pradesh ,Dewas ,HatpipliyaSamgi,76.391998,22.75462,1
72242,Madhya Pradesh ,Dewas ,HatpipliyaSamgi,76.390846,22.75552,1
72243,Madhya Pradesh ,Dewas ,HatpipliyaSamgi,76.391006,22.75654,1
72244,Madhya Pradesh ,Dewas ,HatpipliyaSamgi,76.388603,22.757,0
72245,Madhya Pradesh ,Dewas ,Khareli,76.196831,23.195551,0
72246,Madhya Pradesh ,Dewas ,HatpipliyaSamgi,76.388649,22.75761,0
72247,Madhya Pradesh ,Dewas ,HatpipliyaSamgi,76.38736,22.758539,1
72248,Madhya Pradesh ,Dewas ,HatpipliyaSamgi,76.38504,22.759701,0
72249,Madhya Pradesh ,Dewas ,Paanda,76.20668,23.18376,1
72250,Madhya Pradesh ,Dewas ,Hatpipliya,76.302406,22.756701,0
72251,Madhya Pradesh ,Dewas ,Paanda,76.203796,23.184971,1
72252,Madhya Pradesh ,Dewas ,Hatpipliya,76.301781,22.7528,0
72253,Madhya Pradesh ,Dewas ,Panda,76.211441,23.17959,0
72254,Madhya Pradesh ,Dewas ,Hatpipliya,76.304047,22.7505,1
72255,Madhya Pradesh ,Dewas ,Hatpipliya,76.305138,22.75025,0
72256,Madhya Pradesh ,Dewas ,Amina,76.254311,23.157301,1
72257,Madhya Pradesh ,Dewas ,Amuna,76.254349,23.158119,0
72258,Madhya Pradesh ,Dewas ,Amuna,76.250511,23.15613,0
72259,Madhya Pradesh ,Dewas ,Amuna,76.250526,23.15395,1
72260,Madhya Pradesh ,Dewas ,Amuna,76.249733,23.15164,0
72261,Madhya Pradesh ,Dewas ,Amuna,76.250488,23.14941,1
72262,Madhya Pradesh ,Dewas ,Amuna,76.260468,23.146299,0
72263,Madhya Pradesh ,Dewas ,Amuna,76.263268,23.14661,1
72264,Madhya Pradesh ,Dewas ,Amuna,76.267097,23.14785,0
72265,Madhya Pradesh ,Dewas ,Amuna,76.269028,23.14673,1
72266,Madhya Pradesh ,Dewas ,Amona,76.27198,23.14752,1
72267,Madhya Pradesh ,Dewas ,Amuna,76.270477,23.147881,0
72268,Madhya Pradesh ,Dewas ,Amuna,76.274071,23.14838,0
72269,Madhya Pradesh ,Dewas ,Amona,76.274597,23.145981,1
72270,Madhya Pradesh ,Dewas ,Amuna,76.283508,23.14547,1
72271,Madhya Pradesh ,Dewas ,Sekali,76.275421,23.139339,1
72272,Madhya Pradesh ,Dewas ,Shkli,76.274567,23.138781,0
72273,Madhya Pradesh ,Dewas ,KshipraDasheraMedan,75.986122,22.905729,1
72274,Madhya Pradesh ,Dewas ,KshipraDasheraMedan,75.98671,22.90694,0
72275,Madhya Pradesh ,Dewas ,KshipraDasheraMedan,75.985382,22.90752,0
72276,Madhya Pradesh ,Dewas ,Sehkli,76.269699,23.14188,0
72277,Madhya Pradesh ,Dewas ,KshipraDasheraMedan,75.985771,22.90786,1
72278,Madhya Pradesh ,Dewas ,KshipraDasheraMedan,75.987091,22.90785,1
72279,Madhya Pradesh ,Dewas ,Kshipra,75.991119,22.909439,0
72280,Madhya Pradesh ,Dewas ,Sekali,76.270103,23.14415,1
72281,Madhya Pradesh ,Dewas ,KshipraSukliya,75.988647,22.896931,0
72282,Madhya Pradesh ,Dewas ,Shekli,76.27533,23.12816,0
72283,Madhya Pradesh ,Dewas ,Sekali,76.276421,23.12817,1
72284,Madhya Pradesh ,Dewas ,Sekali,76.274681,23.12594,1
72285,Madhya Pradesh ,Dewas ,Sehkli,76.274803,23.128071,0
72286,Madhya Pradesh ,Dewas ,Sehkli,76.273941,23.129129,0
72287,Madhya Pradesh ,Dewas ,LoharPipliya,75.99308,22.919609,0
72288,Madhya Pradesh ,Dewas ,LoharPipliya,75.992989,22.92135,1
72289,Madhya Pradesh ,Dewas ,LoharPipliya,75.994072,22.921301,0
72290,Madhya Pradesh ,Dewas ,Sekali,76.274048,23.12359,1
72291,Madhya Pradesh ,Dewas ,LoharPipliya,75.992279,22.9203,1
72292,Madhya Pradesh ,Dewas ,Sekali,76.273499,23.12039,1
72293,Madhya Pradesh ,Dewas ,Sekali,76.274368,23.119261,0
72294,Madhya Pradesh ,Dewas ,LoharPipliya,75.991852,22.916969,1
72295,Madhya Pradesh ,Dewas ,LoharPipliya,75.99128,22.915831,0
72296,Madhya Pradesh ,Dewas ,Sekali,76.27536,23.124769,1
72297,Madhya Pradesh ,Dewas ,LoharPipliya,75.987907,22.9149,1
72298,Madhya Pradesh ,Dewas ,LoharPipliya,75.987312,22.91555,0
72299,Madhya Pradesh ,Dewas ,Tungni,75.986221,22.91478,1
72300,Madhya Pradesh ,Dewas ,Tungni,75.985931,22.915751,1
72301,Madhya Pradesh ,Dewas ,Tungni,75.985382,22.91497,0
72302,Madhya Pradesh ,Dewas ,Tungni,75.984627,22.91518,1
72303,Madhya Pradesh ,Dewas ,LasudiyaKulmi,76.250099,23.204109,1
72304,Madhya Pradesh ,Dewas ,LasuldiyaKulmi,76.250519,23.20241,0
72305,Madhya Pradesh ,Dewas ,LasuldiyaKulmi,76.248169,23.20705,0
72306,Madhya Pradesh ,Dewas ,LasudiyaKulmi,76.246239,23.20743,1
72307,Madhya Pradesh ,Dewas ,LasuldiyaKulmi,76.248322,23.21034,0
72308,Madhya Pradesh ,Dewas ,LasudiyaKulmi,76.251244,23.210661,1
72309,Madhya Pradesh ,Dewas ,LasuldiyaKulmi,76.25338,23.212061,0
72310,Madhya Pradesh ,Dewas ,LasudiyaKulmi,76.254829,23.213221,1
72311,Madhya Pradesh ,Dewas ,LasuldiyaKulmi,76.263191,23.21578,0
72312,Madhya Pradesh ,Dewas ,LasudiyaKulmi,76.264008,23.21557,1
72313,Madhya Pradesh ,Dewas ,LasuldiyaKulmi,76.263786,23.217501,0
72314,Madhya Pradesh ,Dewas ,LasudiyaKulmi,76.263802,23.21817,1
72315,Madhya Pradesh ,Dewas ,LasudiyaKulmi,76.264481,23.218969,1
72316,Madhya Pradesh ,Dewas ,LasuldiyaKulmi,76.263733,23.220449,0
72317,Madhya Pradesh ,Dewas ,LasudiyaKulmi,76.263077,23.220671,0
72318,Madhya Pradesh ,Dewas ,LasuldiyaKulmi,76.264359,23.221479,0
72319,Madhya Pradesh ,Dewas ,Updi,76.233223,23.217211,1
72320,Madhya Pradesh ,Dewas ,Upadi,76.231117,23.219259,0
72321,Madhya Pradesh ,Dewas ,Updi,76.230637,23.21888,1
72322,Madhya Pradesh ,Dewas ,Updi,76.230957,23.218161,1
72323,Madhya Pradesh ,Dewas ,Upadi,76.23037,23.22028,0
72324,Madhya Pradesh ,Dewas ,Updi,76.231934,23.220551,1
72325,Madhya Pradesh ,Dewas ,Upadi,76.226227,23.218611,0
72326,Madhya Pradesh ,Dewas ,Updi,76.229843,23.219561,1
72327,Madhya Pradesh ,Dewas ,Upadi,76.237312,23.21966,0
72328,Madhya Pradesh ,Dewas ,Upadi,76.233841,23.211889,0
72329,Madhya Pradesh ,Dewas ,Upadi,76.229591,23.213341,0
72330,Madhya Pradesh ,Dewas ,Updi,76.228981,23.21476,1
72331,Madhya Pradesh ,Dewas ,Khareli,76.194267,23.21059,1
72332,Madhya Pradesh ,Dewas ,Kareli,76.197182,23.206039,0
72333,Madhya Pradesh ,Dewas ,Khareli,76.197197,23.20503,1
72334,Madhya Pradesh ,Dewas ,Khareli,76.195099,23.20405,0
72335,Madhya Pradesh ,Dewas ,Khareli,76.197372,23.2024,1
72336,Madhya Pradesh ,Dewas ,Kareli,76.196571,23.20192,0
72337,Madhya Pradesh ,Dewas ,Khareli,76.195137,23.20623,1
72338,Madhya Pradesh ,Dewas ,Dunta,76.108109,23.2369,0
72339,Madhya Pradesh ,Dewas ,Donta,76.10907,23.23741,1
72340,Madhya Pradesh ,Dewas ,Donta,76.108124,23.23559,1
72341,Madhya Pradesh ,Dewas ,Donta,76.109779,23.235901,0
72342,Madhya Pradesh ,Dewas ,Donta,76.108994,23.233971,1
72343,Madhya Pradesh ,Dewas ,Donta,76.104248,23.23464,0
72344,Madhya Pradesh ,Dewas ,Donta,76.103943,23.23097,0
72345,Madhya Pradesh ,Dewas ,Donta,76.10141,23.22978,1
72346,Madhya Pradesh ,Dewas ,Donta,76.101051,23.222639,1
72347,Madhya Pradesh ,Dewas ,Donta,76.102547,23.22295,0
72348,Madhya Pradesh ,Dewas ,Donta,76.109558,23.21769,0
72349,Madhya Pradesh ,Dewas ,Donta,76.11071,23.216419,1
72350,Madhya Pradesh ,Dewas ,Donta,76.108368,23.21698,0
72351,Madhya Pradesh ,Dewas ,Donta,76.106567,23.21913,1
72352,Madhya Pradesh ,Dewas ,Dingroda,76.08831,23.230949,1
72353,Madhya Pradesh ,Dewas ,Dingroda,76.08815,23.231779,0
72354,Madhya Pradesh ,Dewas ,Dingroda,76.08667,23.22921,1
72355,Madhya Pradesh ,Dewas ,Dingroda,76.088829,23.230209,0
72356,Madhya Pradesh ,Dewas ,Dhingrada,76.088997,23.226049,1
72357,Madhya Pradesh ,Dewas ,Dingrota,76.085739,23.234541,1
72358,Madhya Pradesh ,Dewas ,Dingroda,76.086891,23.237249,0
72359,Madhya Pradesh ,Dewas ,Dingroda,76.086487,23.233629,1
72360,Madhya Pradesh ,Dewas ,Dingroda,76.09481,23.23378,1
72361,Madhya Pradesh ,Dewas ,Dingroda,76.09491,23.23283,1
72362,Madhya Pradesh ,Dewas ,Dingroda,76.094673,23.23089,1
72363,Madhya Pradesh ,Dewas ,Dingroda,76.09417,23.22954,1
72364,Madhya Pradesh ,Dewas ,Suklya,75.984947,22.89234,0
72365,Madhya Pradesh ,Dewas ,Suklya,75.984863,22.893061,0
72366,Madhya Pradesh ,Dewas ,Suklya,75.987846,22.89023,0
72367,Madhya Pradesh ,Dewas ,Suklya,75.990509,22.888741,1
72368,Madhya Pradesh ,Dewas ,Suklya,75.990273,22.889009,0
72369,Madhya Pradesh ,Dewas ,Suklya,75.989578,22.88756,0
72370,Madhya Pradesh ,Dewas ,Suklya,75.990356,22.886971,1
72371,Madhya Pradesh ,Dewas ,RanayalGadri,76.073517,23.16433,1
72372,Madhya Pradesh ,Dewas ,Ranaylgadri,76.071861,23.164881,0
72373,Madhya Pradesh ,Dewas ,Ranayalgadri,76.073662,23.16498,0
72374,Madhya Pradesh ,Dewas ,Ranayalgadri,76.073532,23.16157,0
72375,Madhya Pradesh ,Dewas ,Ranayalgadri,76.070633,23.15667,0
72376,Madhya Pradesh ,Dewas ,RanayalGadri,76.070343,23.15736,1
72377,Madhya Pradesh ,Dewas ,SunaniMahakal,75.993347,22.899599,0
72378,Madhya Pradesh ,Dewas ,Ranayalgadri,76.066261,23.15724,0
72379,Madhya Pradesh ,Dewas ,RanayalGadri,76.065933,23.15807,1
72380,Madhya Pradesh ,Dewas ,SunanaiMahakal,75.997787,22.90329,0
72381,Madhya Pradesh ,Dewas ,RanayalGadri,76.07695,23.16016,1
72382,Madhya Pradesh ,Dewas ,SunaniMahakal,75.996971,22.90299,1
72383,Madhya Pradesh ,Dewas ,RanayalGadri,76.077507,23.153509,1
72384,Madhya Pradesh ,Dewas ,Ranayalgadri,76.079567,23.153299,0
72385,Madhya Pradesh ,Dewas ,SunaniMahakal,75.999062,22.903681,1
72386,Madhya Pradesh ,Dewas ,SunaniMahakal,75.999519,22.90377,0
72387,Madhya Pradesh ,Dewas ,RanayalGadri,76.080109,23.151911,1
72388,Madhya Pradesh ,Dewas ,Ranayalgadri,76.082047,23.151751,0
72389,Madhya Pradesh ,Dewas ,RatanKhedi,76.086456,23.148991,1
72390,Madhya Pradesh ,Dewas ,Ratankhedi,76.08609,23.14789,0
72391,Madhya Pradesh ,Dewas ,RatanKhedi,76.088966,23.148239,1
72392,Madhya Pradesh ,Dewas ,Ratankhedi,76.089478,23.14798,0
72393,Madhya Pradesh ,Dewas ,SunwaniMahakal,76.003517,22.90085,0
72394,Madhya Pradesh ,Dewas ,SunwaniMahakal,76.00396,22.900681,0
72395,Madhya Pradesh ,Dewas ,SunwaniMahakal,76.003983,22.900921,0
72396,Madhya Pradesh ,Dewas ,Ratankhedi,76.090981,23.14616,0
72397,Madhya Pradesh ,Dewas ,RatanKhedi,76.095001,23.14292,1
72398,Madhya Pradesh ,Dewas ,Ratankhedi,76.09446,23.14113,0
72399,Madhya Pradesh ,Dewas ,LoharPiliya,75.992622,22.918159,0
72400,Madhya Pradesh ,Dewas ,RatanKhedi,76.098282,23.14389,1
72401,Madhya Pradesh ,Dewas ,Ratankhedi,76.098969,23.143169,0
72402,Madhya Pradesh ,Dewas ,RatanKhedi,76.101677,23.14477,1
72403,Madhya Pradesh ,Dewas ,Ratankhedi,76.099274,23.144609,0
72404,Madhya Pradesh ,Dewas ,RatanKhedi,76.105827,23.14467,1
72405,Madhya Pradesh ,Dewas ,Ratankhedi,76.103378,23.14448,0
72406,Madhya Pradesh ,Dewas ,LoharPiliya,75.993492,22.921301,0
72407,Madhya Pradesh ,Dewas ,RatanKhedi,76.108292,23.14509,1
72408,Madhya Pradesh ,Dewas ,Ratankhedi,76.106453,23.14505,0
72409,Madhya Pradesh ,Dewas ,LoharPiliya,75.99659,22.921049,1
72410,Madhya Pradesh ,Dewas ,Banasri,76.082382,23.138109,1
72411,Madhya Pradesh ,Dewas ,Banasri,76.084961,23.1401,0
72412,Madhya Pradesh ,Dewas ,Banasri,76.079849,23.13855,1
72413,Madhya Pradesh ,Dewas ,Banasri,76.078331,23.137911,0
72414,Madhya Pradesh ,Dewas ,Banasri,76.075684,23.136909,0
72415,Madhya Pradesh ,Dewas ,Banasri,76.0774,23.13533,1
72416,Madhya Pradesh ,Dewas ,Banasri,76.079903,23.134069,1
72417,Madhya Pradesh ,Dewas ,Banasri,76.08181,23.132931,0
72418,Madhya Pradesh ,Dewas ,Banasri,76.084412,23.13401,0
72419,Madhya Pradesh ,Dewas ,Banasri,76.084396,23.13084,1
72420,Madhya Pradesh ,Dewas ,Banasri,76.08625,23.131479,0
72421,Madhya Pradesh ,Dewas ,Banasri,76.086166,23.130951,1
72422,Madhya Pradesh ,Dewas ,Banasri,76.072182,23.136459,1
72423,Madhya Pradesh ,Dewas ,Banasri,76.072472,23.13588,0
72424,Madhya Pradesh ,Dewas ,Banasri,76.073898,23.135151,1
